{"stats":{"minecraft:used":{"minecraft:oak_fence":16,"minecraft:grass_block":1,"minecraft:stone_slab":8,"minecraft:spruce_stairs":44,"minecraft:campfire":2,"minecraft:purple_bed":1,"minecraft:brick_stairs":8,"minecraft:oxidized_chiseled_copper":2,"minecraft:wooden_axe":9,"minecraft:bookshelf":34,"minecraft:glass":20,"minecraft:glass_pane":12,"minecraft:lantern":42,"minecraft:blast_furnace":1,"minecraft:jungle_stairs":6,"minecraft:hay_block":2,"minecraft:spruce_wood":62,"minecraft:light_gray_stained_glass_pane":65,"minecraft:bricks":36,"minecraft:oxidized_copper_grate":1,"minecraft:spruce_door":2,"minecraft:smithing_table":1,"minecraft:waxed_copper_chest":2,"minecraft:oxidized_cut_copper":234,"minecraft:spruce_slab":65,"minecraft:stonecutter":3,"minecraft:grindstone":1,"minecraft:cherry_slab":10,"minecraft:jukebox":1,"minecraft:oxidized_copper":2,"minecraft:oak_shelf":3,"minecraft:spruce_shelf":5,"minecraft:smoker":1,"minecraft:purple_carpet":29,"minecraft:birch_stairs":13,"minecraft:jungle_shelf":11,"minecraft:spruce_log":1002,"minecraft:anvil":1,"minecraft:furnace":2,"minecraft:torch":1,"minecraft:barrel":26,"minecraft:stripped_spruce_log":11,"minecraft:iron_chain":9,"minecraft:spruce_planks":409,"minecraft:oak_chest_boat":1,"minecraft:oak_leaves":178,"minecraft:stripped_spruce_wood":112,"minecraft:redstone_torch":1,"minecraft:dark_oak_trapdoor":27,"minecraft:chest":10,"minecraft:chiseled_bookshelf":12,"minecraft:enchanting_table":1,"minecraft:brick_wall":8},"minecraft:picked_up":{"minecraft:stone_button":128,"minecraft:spruce_door":1},"minecraft:custom":{"minecraft:time_since_rest":18243,"minecraft:walk_one_cm":263855,"minecraft:leave_game":3,"minecraft:boat_one_cm":384,"minecraft:play_time":82563,"minecraft:jump":265,"minecraft:time_since_death":82563,"minecraft:open_barrel":3,"minecraft:sprint_one_cm":26832,"minecraft:open_chest":6,"minecraft:sleep_in_bed":1,"minecraft:total_world_time":86614,"minecraft:fly_one_cm":146292,"minecraft:interact_with_anvil":1,"minecraft:crouch_one_cm":6837,"minecraft:sneak_time":2367}},"DataVersion":4556}